customer_id,avg_distance
101,20.000000
102,16.733333
103,23.400000
104,10.000000
105,25.000000
